instance_name,standard_mean_primal_violation,quantum_mean_primal_violation,quantum_violation_reduction_pct,winner
glass4,300000.0,300000.0,0.0,tie
neos-2657525-crna,6220.333333333333,2978.3333333333335,52.11939338727828,quantum_better
ic97_potential,33.91852195696783,34.748709067499775,-2.447592237613411,standard_better
gmu-35-40,14.842976837727335,10.335707879985153,30.366340977409408,quantum_better
neos-4338804-snowy,1.0,1.0,0.0,tie
mcsched,934.6409860771298,1048.3097124914625,-12.161752812855177,standard_better
50v-10,206.04683452026262,164.67632972879792,20.078204495491207,quantum_better
beasleyC3,24.589476315787362,15.812401761331179,35.69443465057031,quantum_better
