baseline_solver,statistic,p_value,quantum_mean_violation,baseline_mean_violation,holm_adjusted_p
ga,12.0,0.23046875,38890.67311604431,1190094.583241837,0.875
de,11.0,0.34375,38890.67311604431,4915555.769709106,0.875
slpso,7.0,0.1484375,38890.67311604431,149778.89336623898,0.7421875
shade,15.0,0.59375,38890.67311604431,814749.536291154,0.875
standard_pdhg,6.0,0.21875,38890.67311604431,39255.26407484128,0.875
