instance_name,n_vars,n_cons,reference_obj,gurobi_objective,gurobi_time_seconds,standard_feasible_runs,quantum_feasible_runs,standard_mean_primal_violation,quantum_mean_primal_violation,quantum_violation_reduction_pct
glass4,322,396,1200012599.972384,1200012600.0,4.232004165649414,0,0,300000.0,300000.0,0.0
neos-2657525-crna,524,342,1.810748,1.810748,60.00856590270996,0,0,6220.333333333333,2978.3333333333335,52.11939338727828
ic97_potential,728,1046,3941.99993090225,3941.9999966379337,60.01903796195984,0,0,33.91852195696783,34.748709067499775,-2.447592237613411
gmu-35-40,1205,424,-2406733.3688,-2406569.3389999997,9.417459964752197,0,0,14.842976837727335,10.335707879985153,30.366340977409408
neos-4338804-snowy,1344,1701,1471.0,1471.0,60.01721000671387,0,0,1.0,1.0,0.0
mcsched,1747,2107,211913.0,211913.0,3.0128350257873535,0,0,934.6409860771298,1048.3097124914625,-12.161752812855177
50v-10,2013,233,3311.1799841,3313.179992243646,60.01343321800232,0,0,206.04683452026262,164.67632972879792,20.078204495491207
beasleyC3,2500,1750,753.9999999999128,754.0,0.34172797203063965,0,0,24.589476315787362,15.812401761331179,35.69443465057031
