solver,average_rank,mean_primal_violation
quantum_pdhg,2.3333333333333335,50678.9035340372
shade,2.8333333333333335,592943.7092074255
standard_pdhg,2.8333333333333335,51200.86894835374
de,3.6666666666666665,343544.82806152
ga,4.583333333333333,1798125.6857337656
slpso,4.75,184129.6438103833
