baseline_solver,statistic,p_value,quantum_mean_violation,baseline_mean_violation,holm_adjusted_p
ga,0.0,0.015625,50473.7468651213,1586187.1671238048,0.078125
de,0.0,0.03125,50473.7468651213,6552985.485969793,0.125
slpso,0.0,0.03125,50473.7468651213,198822.4401258555,0.125
shade,4.0,0.21875,50473.7468651213,1085679.0422446537,0.25
standard_pdhg,1.0,0.125,50473.7468651213,50969.90686489266,0.25
