solver,average_rank,mean_primal_violation
quantum_pdhg,1.75,50473.7468651213
shade,2.6666666666666665,1085679.0422446537
standard_pdhg,3.0833333333333335,50969.90686489266
slpso,4.0,198822.4401258555
de,4.666666666666667,6552985.485969793
ga,4.833333333333333,1586187.1671238048
